"","site_code","location_name","sample_collector","lat","long","gap_num","gap_size","gaps","depth","analyte_avg","analyte_tot","soil_lyrs_n","layer_tops","calc_notes"
"1","RCCZO","Reynolds Creek CZO","Ryan Will",43.06432248,-116.7487078,0,0,NA,30,1100,4040,4,"0,5,10,20,30,40,50,60,70,80",""
"2","RCCZO","Reynolds Creek CZO","Ryan Will",43.06432765,-116.7486973,0,0,NA,30,1060,3970,4,"0,5,10,20,30,40,50,60,70,80",""
"3","RCCZO","Reynolds Creek CZO","Ryan Will",43.06445426,-116.7489367,0,0,NA,30,1063.33333333333,4020,4,"0,5,10,20,30,40,50,60,70,80",""
"4","RCCZO","Reynolds Creek CZO","Ryan Will",43.06445505,-116.7485868,0,0,NA,30,1323.33333333333,4830,4,"0,5,10,20,30,40,50,60,70,80",""
"5","RCCZO","Reynolds Creek CZO","Ryan Will",43.06445829,-116.7489253,0,0,NA,30,1125,4120,4,"0,5,10,20,30,40,50,60,70,80",""
"6","RCCZO","Reynolds Creek CZO","Nicholas R. Patton",43.06447579,-116.7485631,0,0,NA,30,2233.33333333333,9160,4,"0,5,10,20,30,40,50,60,70,80",""
"7","RCCZO","Reynolds Creek CZO","Ryan Will",43.06453203,-116.7485646,0,0,NA,30,1230,4370,4,"0,5,10,20,30,40,50,60,70,80",""
"8","RCCZO","Reynolds Creek CZO","Ryan Will",43.06453904,-116.7485657,0,0,NA,30,1613.33333333333,6120,4,"0,5,10,20,30,40,50,60,70,80",""
"9","RCCZO","Reynolds Creek CZO","Ryan Will",43.06462153,-116.7484603,0,0,NA,30,1310,4860,4,"0,5,10,20,30,40,50,60,70,80",""
"10","RCCZO","Reynolds Creek CZO","Ryan Will",43.06462765,-116.7484621,0,0,NA,30,1416.66666666667,5230,4,"0,5,10,20,30,40,50,60,70,80",""
"11","RCCZO","Reynolds Creek CZO","Nicholas R. Patton",43.06520205,-116.7593348,0,0,NA,30,784.375,2906.66666666667,4,"0,5,10,20,30,40,50,60,70,80","trim: cut to 30 cm"
"12","RCCZO","Reynolds Creek CZO","Ryan Will",43.06615759,-116.7596067,0,0,NA,30,988.333333333333,3980,4,"0,5,10,20,30,40,50,60,70,80",""
"13","RCCZO","Reynolds Creek CZO","Ryan Will",43.06616154,-116.7596188,0,0,NA,30,840,3120,4,"0,5,10,20,30,40,50,60,70,80",""
"14","RCCZO","Reynolds Creek CZO","Ryan Will",43.06628002,-116.7595712,0,0,NA,30,726.666666666667,2690,4,"0,5,10,20,30,40,50,60,70,80",""
"15","RCCZO","Reynolds Creek CZO","Ryan Will",43.06628867,-116.7595594,0,0,NA,30,718.333333333333,2640,4,"0,5,10,20,30,40,50,60,70,80",""
"16","RCCZO","Reynolds Creek CZO","Ryan Will",43.06630099,-116.7597859,0,0,NA,30,740,2890,4,"0,5,10,20,30,40,50,60,70,80",""
"17","RCCZO","Reynolds Creek CZO","Ryan Will",43.06630299,-116.7598021,0,0,NA,30,823.333333333333,3330,4,"0,5,10,20,30,40,50,60,70,80",""
"18","RCCZO","Reynolds Creek CZO","Ryan Will",43.06631224,-116.7597087,0,0,NA,30,740.555555555555,2826.66666666667,4,"0,5,10,20,30,40,50,60,70,80",""
"19","RCCZO","Reynolds Creek CZO","Ryan Will",43.06634097,-116.7597093,0,0,NA,30,691.666666666667,2650,4,"0,5,10,20,30,40,50,60,70,80",""
"20","RCCZO","Reynolds Creek CZO","Ryan Will",43.06634802,-116.7599298,0,0,NA,30,763.333333333333,2930,4,"0,5,10,20,30,40,50,60,70,80",""
"21","RCCZO","Reynolds Creek CZO","Ryan Will",43.06635071,-116.7599243,0,0,NA,30,781.666666666667,3150,4,"0,5,10,20,30,40,50,60,70,80",""
"22","RCCZO","Reynolds Creek CZO","Anna Radke",43.066713,-116.7573279,0,0,NA,30,4143.6,7290,3,"0,5,10,20,30,40,50,60,70,80","trim: cut to 30 cm"
"23","RCCZO","Reynolds Creek CZO","Anna Radke",43.06685152,-116.7569076,0,0,NA,30,3624.84848484848,11252.5,4,"0,5,10,20,30,40,50,60,70,80","trim: cut to 30 cm"
"24","RCCZO","Reynolds Creek CZO","Nicholas R. Patton",43.0673872,-116.7553338,0,0,NA,30,1176.06060606061,5330.76923076923,4,"0,5,10,20,30,40,50,60,70,80","trim: cut to 30 cm"
"25","RCCZO","Reynolds Creek CZO","Nicholas R. Patton",43.06815056,-116.7584612,0,0,NA,30,2230,10300,4,"0,5,10,20,30,40,50,60,70,80",""
"26","RCCZO","Reynolds Creek CZO","Ryan Will",43.06850393,-116.790083,0,0,NA,30,935,3560,4,"0,5,10,20,30,40,50,60,70,80",""
"27","RCCZO","Reynolds Creek CZO","Ryan Will",43.06850577,-116.7901014,0,0,NA,30,1218.33333333333,4970,4,"0,5,10,20,30,40,50,60,70,80",""
"28","RCCZO","Reynolds Creek CZO","Ryan Will",43.06857865,-116.7901687,0,0,NA,30,1436.66666666667,5220,4,"0,5,10,20,30,40,50,60,70,80",""
"29","RCCZO","Reynolds Creek CZO","Ryan Will",43.06858317,-116.7901748,0,0,NA,30,1263.33333333333,4650,4,"0,5,10,20,30,40,50,60,70,80",""
"30","RCCZO","Reynolds Creek CZO","Nicholas R. Patton",43.0685844,-116.7588933,0,0,NA,30,1816.66666666667,6700,4,"0,5,10,20,30,40,50,60,70,80",""
"31","RCCZO","Reynolds Creek CZO","Ryan Will",43.06859708,-116.7899059,0,0,NA,30,1490,6180,4,"0,5,10,20,30,40,50,60,70,80",""
"32","RCCZO","Reynolds Creek CZO","Ryan Will",43.06860611,-116.7899182,0,0,NA,30,1040,4120,4,"0,5,10,20,30,40,50,60,70,80",""
"33","RCCZO","Reynolds Creek CZO","Ryan Will",43.06860897,-116.7900028,0,0,NA,30,1286.66666666667,5070,4,"0,5,10,20,30,40,50,60,70,80",""
"34","RCCZO","Reynolds Creek CZO","Ryan Will",43.06860989,-116.790015,0,0,NA,30,1489.44444444444,5736.66666666667,4,"0,5,10,20,30,40,50,60,70,80",""
"35","RCCZO","Reynolds Creek CZO","Ryan Will",43.06862865,-116.7900828,0,0,NA,30,1403.33333333333,5240,4,"0,5,10,20,30,40,50,60,70,80",""
"36","RCCZO","Reynolds Creek CZO","Ryan Will",43.07823597,-116.8260248,0,0,NA,30,1731.66666666667,6240,4,"0,5,10,20,30,40,50,60,70,80",""
"37","RCCZO","Reynolds Creek CZO","Ryan Will",43.07824172,-116.8259551,0,0,NA,30,1711.66666666667,6350,4,"0,5,10,20,30,40,50,60,70,80",""
"38","RCCZO","Reynolds Creek CZO","Ryan Will",43.07824624,-116.8259674,0,0,NA,30,1418.33333333333,5150,4,"0,5,10,20,30,40,50,60,70,80",""
"39","RCCZO","Reynolds Creek CZO","Ryan Will",43.07824804,-116.8260299,0,0,NA,30,1613.33333333333,5790,4,"0,5,10,20,30,40,50,60,70,80",""
"40","RCCZO","Reynolds Creek CZO","Ryan Will",43.07838488,-116.8258952,0,0,NA,30,1106.66666666667,4000,4,"0,5,10,20,30,40,50,60,70,80",""
"41","RCCZO","Reynolds Creek CZO","Ryan Will",43.07839329,-116.8259093,0,0,NA,30,730,2696.66666666667,4,"0,5,10,20,30,40,50,60,70,80",""
"42","RCCZO","Reynolds Creek CZO","Ryan Will",43.07841568,-116.8258256,0,0,NA,30,1463.33333333333,5280,4,"0,5,10,20,30,40,50,60,70,80",""
"43","RCCZO","Reynolds Creek CZO","Ryan Will",43.0784247,-116.8258348,0,0,NA,30,1508.33333333333,5490,4,"0,5,10,20,30,40,50,60,70,80",""
"44","RCCZO","Reynolds Creek CZO","Ryan Will",43.07859069,-116.8259174,0,0,NA,30,1506.66666666667,5670,4,"0,5,10,20,30,40,50,60,70,80",""
"45","RCCZO","Reynolds Creek CZO","Ryan Will",43.07859457,-116.8259249,0,0,NA,30,1496.66666666667,5670,4,"0,5,10,20,30,40,50,60,70,80",""
"46","RCCZO","Reynolds Creek CZO","Ryan Will",43.08353393,-116.7422163,0,0,NA,30,1810,6500,4,"0,5,10,20,30,40,50,60,70,80",""
"47","RCCZO","Reynolds Creek CZO","Ryan Will",43.08354902,-116.7424246,0,0,NA,30,950,3470,4,"0,5,10,20,30,40,50,60,70,80",""
"48","RCCZO","Reynolds Creek CZO","Ryan Will",43.08355882,-116.7421654,0,0,NA,30,1496.66666666667,5650,4,"0,5,10,20,30,40,50,60,70,80",""
"49","RCCZO","Reynolds Creek CZO","Ryan Will",43.08356987,-116.7424206,0,0,NA,30,803.333333333333,3090,4,"0,5,10,20,30,40,50,60,70,80",""
"50","RCCZO","Reynolds Creek CZO","Ryan Will",43.08369672,-116.7423142,0,0,NA,30,825,2850,4,"0,5,10,20,30,40,50,60,70,80",""
"51","RCCZO","Reynolds Creek CZO","Ryan Will",43.08370516,-116.74241,0,0,NA,30,1246.11111111111,4780,4,"0,5,10,20,30,40,50,60,70,80",""
"52","RCCZO","Reynolds Creek CZO","Ryan Will",43.08371526,-116.7423164,0,0,NA,30,810,3190,4,"0,5,10,20,30,40,50,60,70,80",""
"53","RCCZO","Reynolds Creek CZO","Ryan Will",43.08373144,-116.7424237,0,0,NA,30,915,3810,4,"0,5,10,20,30,40,50,60,70,80",""
"54","RCCZO","Reynolds Creek CZO","Ryan Will",43.08383388,-116.7426316,0,0,NA,30,996.666666666667,4000,4,"0,5,10,20,30,40,50,60,70,80",""
"55","RCCZO","Reynolds Creek CZO","Ryan Will",43.08386348,-116.7426614,0,0,NA,30,1593.33333333333,7340,4,"0,5,10,20,30,40,50,60,70,80",""
"56","RCCZO","Reynolds Creek CZO","Ryan Will",43.10206491,-116.8024789,0,0,NA,30,628.333333333333,2390,4,"0,5,10,20,30,40,50,60,70,80",""
"57","RCCZO","Reynolds Creek CZO","Ryan Will",43.10207376,-116.802477,0,0,NA,30,268.333333333333,1120,4,"0,5,10,20,30,40,50,60,70,80",""
"58","RCCZO","Reynolds Creek CZO","Ryan Will",43.10221528,-116.8025476,0,0,NA,30,505,2220,4,"0,5,10,20,30,40,50,60,70,80",""
"59","RCCZO","Reynolds Creek CZO","Ryan Will",43.10223152,-116.8024383,0,0,NA,30,225,1030,4,"0,5,10,20,30,40,50,60,70,80",""
"60","RCCZO","Reynolds Creek CZO","Ryan Will",43.10223935,-116.8024525,0,0,NA,30,328.333333333333,1403.33333333333,4,"0,5,10,20,30,40,50,60,70,80",""
"61","RCCZO","Reynolds Creek CZO","Ryan Will",43.1022805,-116.8023653,0,0,NA,30,1538.33333333333,5760,4,"0,5,10,20,30,40,50,60,70,80",""
"62","RCCZO","Reynolds Creek CZO","Ryan Will",43.1022814,-116.8023787,0,0,NA,30,1248.33333333333,4530,4,"0,5,10,20,30,40,50,60,70,80",""
"63","RCCZO","Reynolds Creek CZO","Ryan Will",43.10230634,-116.7836383,0,0,NA,30,1905,7010,4,"0,5,10,20,30,40,50,60,70,80",""
"64","RCCZO","Reynolds Creek CZO","Ryan Will",43.10231699,-116.7836376,0,0,NA,30,1985,7970,4,"0,5,10,20,30,40,50,60,70,80",""
"65","RCCZO","Reynolds Creek CZO","Ryan Will",43.10239559,-116.8024626,0,0,NA,30,743.333333333333,2760,4,"0,5,10,20,30,40,50,60,70,80",""
"66","RCCZO","Reynolds Creek CZO","Ryan Will",43.10240349,-116.8024529,0,0,NA,30,925,3640,4,"0,5,10,20,30,40,50,60,70,80",""
"67","RCCZO","Reynolds Creek CZO","Ryan Will",43.10246064,-116.784005,0,0,NA,30,1211.66666666667,4670,4,"0,5,10,20,30,40,50,60,70,80",""
"68","RCCZO","Reynolds Creek CZO","Ryan Will",43.10246759,-116.7840001,0,0,NA,30,1298.33333333333,5160,4,"0,5,10,20,30,40,50,60,70,80",""
"69","RCCZO","Reynolds Creek CZO","Ryan Will",43.10251041,-116.7835959,0,0,NA,30,2281.66666666667,8980,4,"0,5,10,20,30,40,50,60,70,80",""
"70","RCCZO","Reynolds Creek CZO","Ryan Will",43.10251433,-116.7835821,0,0,NA,30,2286.66666666667,9220,4,"0,5,10,20,30,40,50,60,70,80",""
"71","RCCZO","Reynolds Creek CZO","Ryan Will",43.10253094,-116.7837718,0,0,NA,30,2336.11111111111,8983.33333333333,4,"0,5,10,20,30,40,50,60,70,80",""
"72","RCCZO","Reynolds Creek CZO","Ryan Will",43.10253977,-116.7837883,0,0,NA,30,2201.66666666667,8150,4,"0,5,10,20,30,40,50,60,70,80",""
"73","RCCZO","Reynolds Creek CZO","Ryan Will",43.10272496,-116.7837205,0,0,NA,30,2060,8230,4,"0,5,10,20,30,40,50,60,70,80",""
"74","RCCZO","Reynolds Creek CZO","Ryan Will",43.10272712,-116.7837084,0,0,NA,30,2093.33333333333,8020,4,"0,5,10,20,30,40,50,60,70,80",""
"75","RCCZO","Reynolds Creek CZO","Ryan Will",43.10453363,-116.7381171,0,0,NA,30,533.333333333333,1940,4,"0,5,10,20,30,40,50,60,70,80",""
"76","RCCZO","Reynolds Creek CZO","Ryan Will",43.10454054,-116.7381214,0,0,NA,30,398.333333333333,1590,4,"0,5,10,20,30,40,50,60,70,80",""
"77","RCCZO","Reynolds Creek CZO","Ryan Will",43.10455478,-116.7379856,0,0,NA,30,415,1550,4,"0,5,10,20,30,40,50,60,70,80",""
"78","RCCZO","Reynolds Creek CZO","Ryan Will",43.10456275,-116.7379914,0,0,NA,30,341.666666666667,1370,4,"0,5,10,20,30,40,50,60,70,80",""
"79","RCCZO","Reynolds Creek CZO","Ryan Will",43.10462141,-116.7382894,0,0,NA,30,578.333333333333,1930,4,"0,5,10,20,30,40,50,60,70,80",""
"80","RCCZO","Reynolds Creek CZO","Ryan Will",43.10462945,-116.738294,0,0,NA,30,481.666666666667,1790,4,"0,5,10,20,30,40,50,60,70,80",""
"81","RCCZO","Reynolds Creek CZO","Ryan Will",43.10465181,-116.7381189,0,0,NA,30,543.333333333333,1890,4,"0,5,10,20,30,40,50,60,70,80",""
"82","RCCZO","Reynolds Creek CZO","Ryan Will",43.10465614,-116.7381329,0,0,NA,30,309.444444444444,1183.33333333333,4,"0,5,10,20,30,40,50,60,70,80",""
"83","RCCZO","Reynolds Creek CZO","Ryan Will",43.10477724,-116.7379634,0,0,NA,30,346.666666666667,1310,4,"0,5,10,20,30,40,50,60,70,80",""
"84","RCCZO","Reynolds Creek CZO","Ryan Will",43.10478041,-116.7379677,0,0,NA,30,200,880,4,"0,5,10,20,30,40,50,60,70,80",""
"85","RCCZO","Reynolds Creek CZO","Ryan Will",43.10610637,-116.7730034,0,0,NA,30,1421.66666666667,6060,4,"0,5,10,20,30,40,50,60,70,80",""
"86","RCCZO","Reynolds Creek CZO","Ryan Will",43.10611675,-116.7730154,0,0,NA,30,1036.66666666667,4240,4,"0,5,10,20,30,40,50,60,70,80",""
"87","RCCZO","Reynolds Creek CZO","Ryan Will",43.1061696,-116.7728966,0,0,NA,30,1250,5460,4,"0,5,10,20,30,40,50,60,70,80",""
"88","RCCZO","Reynolds Creek CZO","Ryan Will",43.10617939,-116.7728948,0,0,NA,30,1225,5230,4,"0,5,10,20,30,40,50,60,70,80",""
"89","RCCZO","Reynolds Creek CZO","Ryan Will",43.10619377,-116.7730587,0,0,NA,30,1072.22222222222,4283.33333333333,4,"0,5,10,20,30,40,50,60,70,80",""
"90","RCCZO","Reynolds Creek CZO","Ryan Will",43.10620136,-116.7730664,0,0,NA,30,1091.66666666667,4350,4,"0,5,10,20,30,40,50,60,70,80",""
"91","RCCZO","Reynolds Creek CZO","Ryan Will",43.1062148,-116.7731925,0,0,NA,30,1105,4350,4,"0,5,10,20,30,40,50,60,70,80",""
"92","RCCZO","Reynolds Creek CZO","Ryan Will",43.10621659,-116.7732046,0,0,NA,30,943.333333333333,3600,4,"0,5,10,20,30,40,50,60,70,80",""
"93","RCCZO","Reynolds Creek CZO","Ryan Will",43.10637732,-116.7730477,0,0,NA,30,1258.33333333333,5220,4,"0,5,10,20,30,40,50,60,70,80",""
"94","RCCZO","Reynolds Creek CZO","Ryan Will",43.10638402,-116.7730514,0,0,NA,30,1131.66666666667,4820,4,"0,5,10,20,30,40,50,60,70,80",""
"95","RCCZO","Reynolds Creek CZO","Ryan Will",43.11046311,-116.7329183,0,0,NA,30,1573.33333333333,6130,4,"0,5,10,20,30,40,50,60,70,80",""
"96","RCCZO","Reynolds Creek CZO","Ryan Will",43.11047207,-116.7328998,0,0,NA,30,1726.66666666667,6190,4,"0,5,10,20,30,40,50,60,70,80",""
"97","RCCZO","Reynolds Creek CZO","Ryan Will",43.11048113,-116.7329244,0,0,NA,30,1026.66666666667,4060,4,"0,5,10,20,30,40,50,60,70,80",""
"98","RCCZO","Reynolds Creek CZO","Ryan Will",43.11048746,-116.7329342,0,0,NA,30,1195,4730,4,"0,5,10,20,30,40,50,60,70,80",""
"99","RCCZO","Reynolds Creek CZO","Ryan Will",43.11051771,-116.7331639,0,0,NA,30,1965,7700,4,"0,5,10,20,30,40,50,60,70,80",""
"100","RCCZO","Reynolds Creek CZO","Ryan Will",43.11052667,-116.7331454,0,0,NA,30,2681.66666666667,11060,4,"0,5,10,20,30,40,50,60,70,80",""
"101","RCCZO","Reynolds Creek CZO","Ryan Will",43.1106586,-116.7333415,0,0,NA,30,1713.33333333333,6560,4,"0,5,10,20,30,40,50,60,70,80",""
"102","RCCZO","Reynolds Creek CZO","Ryan Will",43.11066219,-116.7333353,0,0,NA,30,1771.66666666667,6650,4,"0,5,10,20,30,40,50,60,70,80",""
"103","RCCZO","Reynolds Creek CZO","Ryan Will",43.11068821,-116.73291,0,0,NA,30,1765,6860,4,"0,5,10,20,30,40,50,60,70,80",""
"104","RCCZO","Reynolds Creek CZO","Ryan Will",43.11069985,-116.7328804,0,0,NA,30,2565,9050,4,"0,5,10,20,30,40,50,60,70,80",""
"105","RCCZO","Reynolds Creek CZO","Nicholas R. Patton",43.11716535,-116.7257274,0,0,NA,30,2193.33333333333,7660,4,"0,5,10,20,30,40,50,60,70,80",""
"106","RCCZO","Reynolds Creek CZO","Nicholas R. Patton",43.11980227,-116.722923,0,0,NA,30,1558.33333333333,5560,4,"0,5,10,20,30,40,50,60,70,80",""
"107","RCCZO","Reynolds Creek CZO","Nicholas R. Patton",43.12035214,-116.8005433,0,0,NA,30,1045,4010,4,"0,5,10,20,30,40,50,60,70,80",""
"108","RCCZO","Reynolds Creek CZO","Mark S. Seyfried",43.12158715,-116.787974,0,0,NA,30,3391.875,5055.47169811321,2,"0,5,10,20,30,40,50,60,70,80","trim: cut to 30 cm"
"109","RCCZO","Reynolds Creek CZO","Mark S. Seyfried",43.12187239,-116.785596,0,0,NA,30,4796.18181818182,10223.3333333333,3,"0,5,10,20,30,40,50,60,70,80","trim: cut to 30 cm"
"110","RCCZO","Reynolds Creek CZO","Nicholas R. Patton",43.12197197,-116.782117,0,0,NA,30,2916.66666666667,8750,3,"0,5,10,20,30,40,50,60,70,80",""
"111","RCCZO","Reynolds Creek CZO","Nicholas R. Patton",43.1220937,-116.7801683,0,0,NA,30,1640,4920,3,"0,5,10,20,30,40,50,60,70,80",""
"112","RCCZO","Reynolds Creek CZO","Nicholas R. Patton",43.12222251,-116.7817345,0,0,NA,30,5946.66666666667,8600,2,"0,5,10,20,30,40,50,60,70,80","trim: cut to 30 cm"
"113","RCCZO","Reynolds Creek CZO","Mark S. Seyfried",43.12231214,-116.779423,0,0,NA,30,8456.66666666667,8727.5,2,"0,5,10,20,30,40,50,60,70,80","trim: cut to 30 cm"
"114","RCCZO","Reynolds Creek CZO","Nicholas R. Patton",43.12258624,-116.7849555,0,0,NA,30,13041.3888888889,7558.70967741936,2,"0,5,10,20,30,40,50,60,70,80","trim: cut to 30 cm"
"115","RCCZO","Reynolds Creek CZO","Nicholas R. Patton",43.12283706,-116.7981045,0,0,NA,30,3035,10970,4,"0,5,10,20,30,40,50,60,70,80",""
"116","RCCZO","Reynolds Creek CZO","Mark S. Seyfried",43.12292115,-116.782785,0,0,NA,30,3310.90909090909,6250,2,"0,5,10,20,30,40,50,60,70,80","trim: cut to 30 cm"
"117","RCCZO","Reynolds Creek CZO","Nicholas R. Patton",43.12298817,-116.776913,0,0,NA,30,976.666666666667,3900,4,"0,5,10,20,30,40,50,60,70,80",""
"118","RCCZO","Reynolds Creek CZO","Nicholas R. Patton",43.12303246,-116.7927984,0,0,NA,30,9036.66666666667,9827.14285714286,2,"0,5,10,20,30,40,50,60,70,80","trim: cut to 30 cm"
"119","RCCZO","Reynolds Creek CZO","Nicholas R. Patton",43.12303738,-116.7856704,0,0,NA,30,4775,5821.42857142857,2,"0,5,10,20,30,40,50,60,70,80","trim: cut to 30 cm"
"120","RCCZO","Reynolds Creek CZO","Nicholas R. Patton",43.12317978,-116.7878097,0,0,NA,30,2034.1935483871,3768.46153846154,2,"0,5,10,20,30,40,50,60,70,80","trim: cut to 30 cm"
"121","RCCZO","Reynolds Creek CZO","Nicholas R. Patton",43.12349175,-116.7874879,0,0,NA,30,8913.33333333333,10236.4864864865,2,"0,5,10,20,30,40,50,60,70,80","trim: cut to 30 cm"
"122","RCCZO","Reynolds Creek CZO","Nicholas R. Patton",43.12363069,-116.7967467,0,0,NA,30,4908.97435897436,8658.69565217391,2,"0,5,10,20,30,40,50,60,70,80","trim: cut to 30 cm"
"123","RCCZO","Reynolds Creek CZO","Nicholas R. Patton",43.12378073,-116.7876965,0,0,NA,30,3157.14285714286,4481.66666666667,2,"0,5,10,20,30,40,50,60,70,80","trim: cut to 30 cm"
"124","RCCZO","Reynolds Creek CZO","Nicholas R. Patton",43.12385697,-116.7800245,0,0,NA,30,2342,3462.14285714286,2,"0,5,10,20,30,40,50,60,70,80","trim: cut to 30 cm"
"125","RCCZO","Reynolds Creek CZO","Nicholas R. Patton",43.12387104,-116.7826147,0,0,NA,30,2490,9550,4,"0,5,10,20,30,40,50,60,70,80",""
"126","RCCZO","Reynolds Creek CZO","Nicholas R. Patton",43.12416094,-116.7826214,0,0,NA,30,798.333333333333,3030,4,"0,5,10,20,30,40,50,60,70,80",""
"127","RCCZO","Reynolds Creek CZO","Nicholas R. Patton",43.12421955,-116.7895852,0,0,NA,30,2126.66666666667,3017.14285714286,2,"0,5,10,20,30,40,50,60,70,80","trim: cut to 30 cm"
"128","RCCZO","Reynolds Creek CZO","Nicholas R. Patton",43.1242439,-116.7916884,0,0,NA,30,3714.85294117647,3431.09090909091,2,"0,5,10,20,30,40,50,60,70,80","trim: cut to 30 cm"
"129","RCCZO","Reynolds Creek CZO","Nicholas R. Patton",43.12449119,-116.794308,0,0,NA,30,3323.33333333333,12500,4,"0,5,10,20,30,40,50,60,70,80",""
"130","RCCZO","Reynolds Creek CZO","Nicholas R. Patton",43.12453364,-116.7860349,0,0,NA,30,1155,2310,2,"0,5,10,20,30,40,50,60,70,80",""
"131","RCCZO","Reynolds Creek CZO","Nicholas R. Patton",43.12565165,-116.7811645,0,0,NA,30,1470.18181818182,1793.125,2,"0,5,10,20,30,40,50,60,70,80","trim: cut to 30 cm"
"132","RCCZO","Reynolds Creek CZO","Mark S. Seyfried",43.12568301,-116.78562,0,0,NA,30,782,2033.33333333333,3,"0,5,10,20,30,40,50,60,70,80","trim: cut to 30 cm"
"133","RCCZO","Reynolds Creek CZO","Mark S. Seyfried",43.125801,-116.782742,0,0,NA,30,2248.33333333333,4330,2,"0,5,10,20,30,40,50,60,70,80",""
"134","RCCZO","Reynolds Creek CZO","Nicholas R. Patton",43.12611188,-116.7890521,0,0,NA,30,1615,2805,2,"0,5,10,20,30,40,50,60,70,80","trim: cut to 30 cm"
"135","RCCZO","Reynolds Creek CZO","Mark S. Seyfried",43.12633701,-116.788065,0,0,NA,30,1124.54545454545,2137.14285714286,2,"0,5,10,20,30,40,50,60,70,80","trim: cut to 30 cm"
"136","RCCZO","Reynolds Creek CZO","Nicholas R. Patton",43.12667447,-116.7868472,0,0,NA,30,780,3170,4,"0,5,10,20,30,40,50,60,70,80",""
"137","RCCZO","Reynolds Creek CZO","Nicholas R. Patton",43.12749278,-116.7897313,0,0,NA,30,1150,4400,4,"0,5,10,20,30,40,50,60,70,80",""
"138","RCCZO","Reynolds Creek CZO","Nicholas R. Patton",43.12752508,-116.7925417,0,0,NA,30,3330,5023.33333333333,2,"0,5,10,20,30,40,50,60,70,80","trim: cut to 30 cm"
"139","RCCZO","Reynolds Creek CZO","Mark S. Seyfried",43.12848567,-116.7966359,0,0,NA,30,2381.09090909091,4013.33333333333,3,"0,5,10,20,30,40,50,60,70,80","trim: cut to 30 cm"
"140","RCCZO","Reynolds Creek CZO","Mark S. Seyfried",43.12863212,-116.7968813,0,0,NA,30,8014,11812.5,2,"0,5,10,20,30,40,50,60,70,80","trim: cut to 30 cm"
"141","RCCZO","Reynolds Creek CZO","Nicholas R. Patton",43.12875942,-116.7929445,0,0,NA,30,4154.2,7027.77777777778,2,"0,5,10,20,30,40,50,60,70,80","trim: cut to 30 cm"
"142","RCCZO","Reynolds Creek CZO","Nicholas R. Patton",43.12971095,-116.7934963,0,0,NA,30,1820,7170,4,"0,5,10,20,30,40,50,60,70,80",""
"143","RCCZO","Reynolds Creek CZO","Nicholas R. Patton",43.13058584,-116.7985533,0,0,NA,30,1283.33333333333,5070,4,"0,5,10,20,30,40,50,60,70,80",""
"144","RCCZO","Reynolds Creek CZO","Nicholas R. Patton",43.13104556,-116.7960652,0,0,NA,30,3569.52380952381,5510.58823529412,2,"0,5,10,20,30,40,50,60,70,80","trim: cut to 30 cm"
"145","RCCZO","Reynolds Creek CZO","Nicholas R. Patton",43.13301998,-116.7920531,0,0,NA,30,1783.33333333333,6830,4,"0,5,10,20,30,40,50,60,70,80",""
"146","RCCZO","Reynolds Creek CZO","Ryan Will",43.14366477,-116.7688502,0,0,NA,30,1021.66666666667,3870,4,"0,5,10,20,30,40,50,60,70,80",""
"147","RCCZO","Reynolds Creek CZO","Ryan Will",43.14366666,-116.7688379,0,0,NA,30,710,3050,4,"0,5,10,20,30,40,50,60,70,80",""
"148","RCCZO","Reynolds Creek CZO","Ryan Will",43.14367186,-116.7691477,0,0,NA,30,621.666666666667,2570,4,"0,5,10,20,30,40,50,60,70,80",""
"149","RCCZO","Reynolds Creek CZO","Ryan Will",43.14368038,-116.7691358,0,0,NA,30,478.333333333333,1900,4,"0,5,10,20,30,40,50,60,70,80",""
"150","RCCZO","Reynolds Creek CZO","Ryan Will",43.14376393,-116.7690269,0,0,NA,30,1186.66666666667,5040,4,"0,5,10,20,30,40,50,60,70,80",""
"151","RCCZO","Reynolds Creek CZO","Ryan Will",43.1437656,-116.7355818,0,0,NA,30,1033.33333333333,3710,4,"0,5,10,20,30,40,50,60,70,80",""
"152","RCCZO","Reynolds Creek CZO","Ryan Will",43.14376704,-116.7355865,0,0,NA,30,995,3870,4,"0,5,10,20,30,40,50,60,70,80",""
"153","RCCZO","Reynolds Creek CZO","Ryan Will",43.14377305,-116.7690419,0,0,NA,30,1247.22222222222,4863.33333333333,4,"0,5,10,20,30,40,50,60,70,80",""
"154","RCCZO","Reynolds Creek CZO","Ryan Will",43.1438412,-116.7692195,0,0,NA,30,1230,5070,4,"0,5,10,20,30,40,50,60,70,80",""
"155","RCCZO","Reynolds Creek CZO","Ryan Will",43.14384824,-116.7690175,0,0,NA,30,1300,4890,4,"0,5,10,20,30,40,50,60,70,80",""
"156","RCCZO","Reynolds Creek CZO","Ryan Will",43.14384907,-116.7690238,0,0,NA,30,1503.33333333333,5580,4,"0,5,10,20,30,40,50,60,70,80",""
"157","RCCZO","Reynolds Creek CZO","Ryan Will",43.14385002,-116.7692284,0,0,NA,30,725,3120,4,"0,5,10,20,30,40,50,60,70,80",""
"158","RCCZO","Reynolds Creek CZO","Ryan Will",43.14386556,-116.7355844,0,0,NA,30,863.888888888889,3363.33333333333,4,"0,5,10,20,30,40,50,60,70,80",""
"159","RCCZO","Reynolds Creek CZO","Ryan Will",43.14387359,-116.7355648,0,0,NA,30,1150,4550,4,"0,5,10,20,30,40,50,60,70,80",""
"160","RCCZO","Reynolds Creek CZO","Ryan Will",43.14391374,-116.7357341,0,0,NA,30,1030,3990,4,"0,5,10,20,30,40,50,60,70,80",""
"161","RCCZO","Reynolds Creek CZO","Ryan Will",43.14391632,-116.7357326,0,0,NA,30,855,3240,4,"0,5,10,20,30,40,50,60,70,80",""
"162","RCCZO","Reynolds Creek CZO","Nicholas R. Patton",43.14393712,-116.7367838,0,0,NA,30,587.352941176471,2242.85714285714,4,"0,5,10,20,30,40,50,60,70,80","trim: cut to 30 cm"
"163","RCCZO","Reynolds Creek CZO","Nicholas R. Patton",43.1439637,-116.7353485,0,0,NA,30,576.129032258065,2434.54545454545,4,"0,5,10,20,30,40,50,60,70,80","trim: cut to 30 cm"
"164","RCCZO","Reynolds Creek CZO","Ryan Will",43.14399787,-116.7354644,0,0,NA,30,580,2630,4,"0,5,10,20,30,40,50,60,70,80",""
"165","RCCZO","Reynolds Creek CZO","Ryan Will",43.14400215,-116.735468,0,0,NA,30,668.333333333333,2760,4,"0,5,10,20,30,40,50,60,70,80",""
"166","RCCZO","Reynolds Creek CZO","Ryan Will",43.14401102,-116.7356272,0,0,NA,30,1040,3930,4,"0,5,10,20,30,40,50,60,70,80",""
"167","RCCZO","Reynolds Creek CZO","Ryan Will",43.14401171,-116.7356334,0,0,NA,30,951.666666666667,3490,4,"0,5,10,20,30,40,50,60,70,80",""
"168","RCCZO","Reynolds Creek CZO","Nicholas R. Patton",43.14459543,-116.73561,0,0,NA,30,928.333333333333,3600,4,"0,5,10,20,30,40,50,60,70,80",""
"169","RCCZO","Reynolds Creek CZO","Ryan Will",43.15039775,-116.7093507,0,0,NA,30,461.666666666667,1650,4,"0,5,10,20,30,40,50,60,70,80",""
"170","RCCZO","Reynolds Creek CZO","Ryan Will",43.15039909,-116.7093546,0,0,NA,30,523.333333333333,2120,4,"0,5,10,20,30,40,50,60,70,80",""
"171","RCCZO","Reynolds Creek CZO","Ryan Will",43.15047123,-116.7093699,0,0,NA,30,565,2010,4,"0,5,10,20,30,40,50,60,70,80",""
"172","RCCZO","Reynolds Creek CZO","Ryan Will",43.1504882,-116.7093924,0,0,NA,30,397.777777777778,1540,4,"0,5,10,20,30,40,50,60,70,80",""
"173","RCCZO","Reynolds Creek CZO","Ryan Will",43.15050364,-116.7095412,0,0,NA,30,456.666666666667,1610,4,"0,5,10,20,30,40,50,60,70,80",""
"174","RCCZO","Reynolds Creek CZO","Ryan Will",43.15051267,-116.7095458,0,0,NA,30,498.333333333333,1850,4,"0,5,10,20,30,40,50,60,70,80",""
"175","RCCZO","Reynolds Creek CZO","Ryan Will",43.15060119,-116.7091828,0,0,NA,30,720,2750,4,"0,5,10,20,30,40,50,60,70,80",""
"176","RCCZO","Reynolds Creek CZO","Ryan Will",43.15060307,-116.7091791,0,0,NA,30,528.333333333333,1880,4,"0,5,10,20,30,40,50,60,70,80",""
"177","RCCZO","Reynolds Creek CZO","Ryan Will",43.15063284,-116.7093799,0,0,NA,30,580,2120,4,"0,5,10,20,30,40,50,60,70,80",""
"178","RCCZO","Reynolds Creek CZO","Ryan Will",43.15063892,-116.7093635,0,0,NA,30,580,2240,4,"0,5,10,20,30,40,50,60,70,80",""
"179","RCCZO","Reynolds Creek CZO","Ryan Will",43.15722146,-116.7084755,0,0,NA,30,520,2030,4,"0,5,10,20,30,40,50,60,70,80",""
"180","RCCZO","Reynolds Creek CZO","Ryan Will",43.15722277,-116.7084693,0,0,NA,30,573.333333333333,2230,4,"0,5,10,20,30,40,50,60,70,80",""
"181","RCCZO","Reynolds Creek CZO","Ryan Will",43.15738357,-116.7085974,0,0,NA,30,751.666666666667,2990,4,"0,5,10,20,30,40,50,60,70,80",""
"182","RCCZO","Reynolds Creek CZO","Ryan Will",43.15738372,-116.7086039,0,0,NA,30,685,2630,4,"0,5,10,20,30,40,50,60,70,80",""
"183","RCCZO","Reynolds Creek CZO","Ryan Will",43.15739053,-116.7084698,0,0,NA,30,525,2030,4,"0,5,10,20,30,40,50,60,70,80",""
"184","RCCZO","Reynolds Creek CZO","Ryan Will",43.15739444,-116.7084295,0,0,NA,30,725,2750,4,"0,5,10,20,30,40,50,60,70,80",""
"185","RCCZO","Reynolds Creek CZO","Ryan Will",43.15745769,-116.7084551,0,0,NA,30,650,2510,4,"0,5,10,20,30,40,50,60,70,80",""
"186","RCCZO","Reynolds Creek CZO","Ryan Will",43.15745879,-116.7084656,0,0,NA,30,763.333333333333,2900,4,"0,5,10,20,30,40,50,60,70,80",""
"187","RCCZO","Reynolds Creek CZO","Ryan Will",43.15747899,-116.7082608,0,0,NA,30,620,2360,4,"0,5,10,20,30,40,50,60,70,80",""
"188","RCCZO","Reynolds Creek CZO","Ryan Will",43.15749536,-116.7082669,0,0,NA,30,715,2790,4,"0,5,10,20,30,40,50,60,70,80",""
"189","RCCZO","Reynolds Creek CZO","Ryan Will",43.16728983,-116.7132986,0,0,NA,30,893.333333333333,3400,4,"0,5,10,20,30,40,50,60,70,80",""
"190","RCCZO","Reynolds Creek CZO","Ryan Will",43.16729437,-116.7133108,0,0,NA,30,805,2900,4,"0,5,10,20,30,40,50,60,70,80",""
"191","RCCZO","Reynolds Creek CZO","Ryan Will",43.16744804,-116.7128561,0,0,NA,30,1180,4600,4,"0,5,10,20,30,40,50,60,70,80",""
"192","RCCZO","Reynolds Creek CZO","Ryan Will",43.1674593,-116.7131645,0,0,NA,30,633.333333333333,2220,4,"0,5,10,20,30,40,50,60,70,80",""
"193","RCCZO","Reynolds Creek CZO","Ryan Will",43.16746019,-116.7128632,0,0,NA,30,730,2670,4,"0,5,10,20,30,40,50,60,70,80",""
"194","RCCZO","Reynolds Creek CZO","Ryan Will",43.16746901,-116.7131576,0,0,NA,30,661.666666666667,2480,4,"0,5,10,20,30,40,50,60,70,80",""
"195","RCCZO","Reynolds Creek CZO","Ryan Will",43.16750852,-116.7132104,0,0,NA,30,569.444444444444,2166.66666666667,4,"0,5,10,20,30,40,50,60,70,80",""
"196","RCCZO","Reynolds Creek CZO","Ryan Will",43.16752432,-116.7131573,0,0,NA,30,660,2530,4,"0,5,10,20,30,40,50,60,70,80",""
"197","RCCZO","Reynolds Creek CZO","Ryan Will",43.16756326,-116.7133541,0,0,NA,30,626.666666666667,2290,4,"0,5,10,20,30,40,50,60,70,80",""
"198","RCCZO","Reynolds Creek CZO","Ryan Will",43.16756614,-116.7133453,0,0,NA,30,766.666666666667,2810,4,"0,5,10,20,30,40,50,60,70,80",""
"199","RCCZO","Reynolds Creek CZO","Nicholas R. Patton",43.16761023,-116.7130538,0,0,NA,30,571.666666666667,2080,4,"0,5,10,20,30,40,50,60,70,80",""
"200","RCCZO","Reynolds Creek CZO","Nicholas R. Patton",43.18051979,-116.7138797,0,0,NA,30,578.25,1595,4,"0,5,10,20,30,40,50,60,70,80","trim: cut to 30 cm"
"201","RCCZO","Reynolds Creek CZO","Nicholas R. Patton",43.18077561,-116.7145575,0,0,NA,30,645.47619047619,2199.23076923077,5,"0,5,10,20,30,40,50,60,70,80","trim: cut to 30 cm"
"202","RCCZO","Reynolds Creek CZO","Ryan Will",43.1854559,-116.8035245,0,0,NA,30,686.666666666667,2740,4,"0,5,10,20,30,40,50,60,70,80",""
"203","RCCZO","Reynolds Creek CZO","Ryan Will",43.18545916,-116.8035158,0,0,NA,30,598.333333333333,2230,4,"0,5,10,20,30,40,50,60,70,80",""
"204","RCCZO","Reynolds Creek CZO","Ryan Will",43.18549726,-116.8037268,0,0,NA,30,908.333333333333,3470,4,"0,5,10,20,30,40,50,60,70,80",""
"205","RCCZO","Reynolds Creek CZO","Ryan Will",43.18550477,-116.8037327,0,0,NA,30,861.666666666667,3600,4,"0,5,10,20,30,40,50,60,70,80",""
"206","RCCZO","Reynolds Creek CZO","Ryan Will",43.18558883,-116.8036574,0,0,NA,30,791.666666666667,3043.33333333333,4,"0,5,10,20,30,40,50,60,70,80",""
"207","RCCZO","Reynolds Creek CZO","Ryan Will",43.18560506,-116.8036446,0,0,NA,30,486.666666666667,2290,4,"0,5,10,20,30,40,50,60,70,80",""
"208","RCCZO","Reynolds Creek CZO","Ryan Will",43.18564245,-116.8035224,0,0,NA,30,588.333333333333,2360,4,"0,5,10,20,30,40,50,60,70,80",""
"209","RCCZO","Reynolds Creek CZO","Ryan Will",43.18564682,-116.8035264,0,0,NA,30,506.666666666667,2040,4,"0,5,10,20,30,40,50,60,70,80",""
"210","RCCZO","Reynolds Creek CZO","Ryan Will",43.18568906,-116.8038619,0,0,NA,30,578.333333333333,2140,4,"0,5,10,20,30,40,50,60,70,80",""
"211","RCCZO","Reynolds Creek CZO","Ryan Will",43.1856935,-116.8038721,0,0,NA,30,628.333333333333,2390,4,"0,5,10,20,30,40,50,60,70,80",""
"212","RCCZO","Reynolds Creek CZO","Nicholas R. Patton",43.18866189,-116.8130672,0,0,NA,30,1521.66666666667,5910,4,"0,5,10,20,30,40,50,60,70,80",""
"213","RCCZO","Reynolds Creek CZO","Ryan Will",43.1908286,-116.781441,0,0,NA,30,791.666666666667,3040,4,"0,5,10,20,30,40,50,60,70,80",""
"214","RCCZO","Reynolds Creek CZO","Ryan Will",43.19083136,-116.7814573,0,0,NA,30,711.666666666667,2800,4,"0,5,10,20,30,40,50,60,70,80",""
"215","RCCZO","Reynolds Creek CZO","Ryan Will",43.19086736,-116.7812717,0,0,NA,30,806.666666666667,3070,4,"0,5,10,20,30,40,50,60,70,80",""
"216","RCCZO","Reynolds Creek CZO","Ryan Will",43.19087654,-116.7812625,0,0,NA,30,953.333333333333,3710,4,"0,5,10,20,30,40,50,60,70,80",""
"217","RCCZO","Reynolds Creek CZO","Ryan Will",43.19100111,-116.7814089,0,0,NA,30,616.666666666667,2530,4,"0,5,10,20,30,40,50,60,70,80",""
"218","RCCZO","Reynolds Creek CZO","Ryan Will",43.19101239,-116.7814212,0,0,NA,30,648.333333333333,2511.66666666667,4,"0,5,10,20,30,40,50,60,70,80",""
"219","RCCZO","Reynolds Creek CZO","Ryan Will",43.19102938,-116.7813256,0,0,NA,30,606.666666666667,2430,4,"0,5,10,20,30,40,50,60,70,80",""
"220","RCCZO","Reynolds Creek CZO","Ryan Will",43.1910335,-116.7813366,0,0,NA,30,783.333333333333,3000,4,"0,5,10,20,30,40,50,60,70,80",""
"221","RCCZO","Reynolds Creek CZO","Ryan Will",43.19113484,-116.781621,0,0,NA,30,893.333333333333,3480,4,"0,5,10,20,30,40,50,60,70,80",""
"222","RCCZO","Reynolds Creek CZO","Ryan Will",43.19114227,-116.781614,0,0,NA,30,788.333333333333,2970,4,"0,5,10,20,30,40,50,60,70,80",""
"223","RCCZO","Reynolds Creek CZO","Nicholas R. Patton",43.19159234,-116.8095646,0,0,NA,30,1225.38461538462,4628.94736842105,4,"0,5,10,20,30,40,50,60,70,80","trim: cut to 30 cm"
"224","RCCZO","Reynolds Creek CZO","Nicholas R. Patton",43.19214026,-116.8079732,0,0,NA,30,2370,8670,4,"0,5,10,20,30,40,50,60,70,80",""
"225","RCCZO","Reynolds Creek CZO","Ryan Will",43.19237201,-116.7177077,0,0,NA,30,428.333333333333,1500,4,"0,5,10,20,30,40,50,60,70,80",""
"226","RCCZO","Reynolds Creek CZO","Ryan Will",43.19237763,-116.7177152,0,0,NA,30,358.333333333333,1240,4,"0,5,10,20,30,40,50,60,70,80",""
"227","RCCZO","Reynolds Creek CZO","Nicholas R. Patton",43.19243739,-116.8066319,0,0,NA,30,1483.33333333333,5670,4,"0,5,10,20,30,40,50,60,70,80",""
"228","RCCZO","Reynolds Creek CZO","Ryan Will",43.19249519,-116.7179556,0,0,NA,30,485,1890,4,"0,5,10,20,30,40,50,60,70,80",""
"229","RCCZO","Reynolds Creek CZO","Ryan Will",43.19249794,-116.7179692,0,0,NA,30,310,1130,4,"0,5,10,20,30,40,50,60,70,80",""
"230","RCCZO","Reynolds Creek CZO","Ryan Will",43.19250758,-116.7178267,0,0,NA,30,226.111111111111,823.333333333333,4,"0,5,10,20,30,40,50,60,70,80",""
"231","RCCZO","Reynolds Creek CZO","Ryan Will",43.19251073,-116.7177966,0,0,NA,30,390,1670,4,"0,5,10,20,30,40,50,60,70,80",""
"232","RCCZO","Reynolds Creek CZO","Ryan Will",43.19254476,-116.7176626,0,0,NA,30,315,1220,4,"0,5,10,20,30,40,50,60,70,80",""
"233","RCCZO","Reynolds Creek CZO","Ryan Will",43.19255488,-116.7176546,0,0,NA,30,281.666666666667,1050,4,"0,5,10,20,30,40,50,60,70,80",""
"234","RCCZO","Reynolds Creek CZO","Ryan Will",43.19271436,-116.7179226,0,0,NA,30,293.333333333333,1090,4,"0,5,10,20,30,40,50,60,70,80",""
"235","RCCZO","Reynolds Creek CZO","Ryan Will",43.19271998,-116.7179357,0,0,NA,30,555,2100,4,"0,5,10,20,30,40,50,60,70,80",""
"236","RCCZO","Reynolds Creek CZO","Nicholas R. Patton",43.19273015,-116.8149283,0,0,NA,30,711.666666666667,2730,4,"0,5,10,20,30,40,50,60,70,80",""
"237","RCCZO","Reynolds Creek CZO","Nicholas R. Patton",43.19347351,-116.810691,0,0,NA,30,512.702702702703,1759.41176470588,4,"0,5,10,20,30,40,50,60,70,80","trim: cut to 30 cm"
"238","RCCZO","Reynolds Creek CZO","Ryan Will",43.1978744,-116.8123919,0,0,NA,30,1726.66666666667,6750,4,"0,5,10,20,30,40,50,60,70,80",""
"239","RCCZO","Reynolds Creek CZO","Ryan Will",43.19787888,-116.8122048,0,0,NA,30,1873.33333333333,7280,4,"0,5,10,20,30,40,50,60,70,80",""
"240","RCCZO","Reynolds Creek CZO","Ryan Will",43.19788121,-116.8123803,0,0,NA,30,1673.33333333333,6650,4,"0,5,10,20,30,40,50,60,70,80",""
"241","RCCZO","Reynolds Creek CZO","Ryan Will",43.19788863,-116.8122028,0,0,NA,30,1951.66666666667,7290,4,"0,5,10,20,30,40,50,60,70,80",""
"242","RCCZO","Reynolds Creek CZO","Ryan Will",43.19793459,-116.8124211,0,0,NA,30,1442.77777777778,5553.33333333333,4,"0,5,10,20,30,40,50,60,70,80",""
"243","RCCZO","Reynolds Creek CZO","Ryan Will",43.19794613,-116.8125235,0,0,NA,30,1393.33333333333,5670,4,"0,5,10,20,30,40,50,60,70,80",""
"244","RCCZO","Reynolds Creek CZO","Ryan Will",43.19794755,-116.8125126,0,0,NA,30,1725,6610,4,"0,5,10,20,30,40,50,60,70,80",""
"245","RCCZO","Reynolds Creek CZO","Ryan Will",43.19795394,-116.8124089,0,0,NA,30,1855,7330,4,"0,5,10,20,30,40,50,60,70,80",""
"246","RCCZO","Reynolds Creek CZO","Ryan Will",43.19806551,-116.8125861,0,0,NA,30,1693.33333333333,6490,4,"0,5,10,20,30,40,50,60,70,80",""
"247","RCCZO","Reynolds Creek CZO","Ryan Will",43.19807057,-116.8125782,0,0,NA,30,1416.66666666667,5580,4,"0,5,10,20,30,40,50,60,70,80",""
"248","RCCZO","Reynolds Creek CZO","Nicholas R. Patton",43.20024555,-116.7057467,0,0,NA,30,657.777777777778,1980,4,"0,5,10,20,30,40,50,60,70,80","trim: cut to 30 cm"
"249","RCCZO","Reynolds Creek CZO","Nicholas R. Patton",43.20529592,-116.7506016,0,0,NA,30,404.6875,1348.33333333333,4,"0,5,10,20,30,40,50,60,70,80","trim: cut to 30 cm"
"250","RCCZO","Reynolds Creek CZO","Ryan Will",43.2112414,-116.7356381,0,0,NA,30,860,3360,4,"0,5,10,20,30,40,50,60,70,80",""
"251","RCCZO","Reynolds Creek CZO","Ryan Will",43.21125166,-116.7356471,0,0,NA,30,908.333333333333,3650,4,"0,5,10,20,30,40,50,60,70,80",""
"252","RCCZO","Reynolds Creek CZO","Ryan Will",43.21141852,-116.7356752,0,0,NA,30,575,2150,4,"0,5,10,20,30,40,50,60,70,80",""
"253","RCCZO","Reynolds Creek CZO","Ryan Will",43.21142139,-116.7356878,0,0,NA,30,553.333333333333,2190,4,"0,5,10,20,30,40,50,60,70,80",""
"254","RCCZO","Reynolds Creek CZO","Ryan Will",43.21144386,-116.7357613,0,0,NA,30,815,3370,4,"0,5,10,20,30,40,50,60,70,80",""
"255","RCCZO","Reynolds Creek CZO","Ryan Will",43.21144733,-116.7359687,0,0,NA,30,346.666666666667,1300,4,"0,5,10,20,30,40,50,60,70,80",""
"256","RCCZO","Reynolds Creek CZO","Ryan Will",43.21145198,-116.735958,0,0,NA,30,446.666666666667,1740,4,"0,5,10,20,30,40,50,60,70,80",""
"257","RCCZO","Reynolds Creek CZO","Ryan Will",43.21145291,-116.7357797,0,0,NA,30,385,1486.66666666667,4,"0,5,10,20,30,40,50,60,70,80",""
"258","RCCZO","Reynolds Creek CZO","Ryan Will",43.21164035,-116.7357872,0,0,NA,30,478.333333333333,1750,4,"0,5,10,20,30,40,50,60,70,80",""
"259","RCCZO","Reynolds Creek CZO","Ryan Will",43.21164507,-116.7357917,0,0,NA,30,418.333333333333,1560,4,"0,5,10,20,30,40,50,60,70,80",""
"260","RCCZO","Reynolds Creek CZO","Nicholas R. Patton",43.2284173,-116.7368159,0,0,NA,30,276.363636363636,1083.07692307692,4,"0,5,10,20,30,40,50,60,70,80","trim: cut to 30 cm"
"261","RCCZO","Reynolds Creek CZO","Ryan Will",43.23447765,-116.7463258,0,0,NA,30,526.666666666667,2130,4,"0,5,10,20,30,40,50,60,70,80",""
"262","RCCZO","Reynolds Creek CZO","Ryan Will",43.23448083,-116.7463082,0,0,NA,30,335,1280,4,"0,5,10,20,30,40,50,60,70,80",""
"263","RCCZO","Reynolds Creek CZO","Ryan Will",43.23448512,-116.7466381,0,0,NA,30,381.666666666667,1570,4,"0,5,10,20,30,40,50,60,70,80",""
"264","RCCZO","Reynolds Creek CZO","Ryan Will",43.2345539,-116.7461876,0,0,NA,30,650,2430,4,"0,5,10,20,30,40,50,60,70,80",""
"265","RCCZO","Reynolds Creek CZO","Ryan Will",43.23456973,-116.7461809,0,0,NA,30,890,3420,4,"0,5,10,20,30,40,50,60,70,80",""
"266","RCCZO","Reynolds Creek CZO","Ryan Will",43.2346462,-116.7466458,0,0,NA,30,550,2140,4,"0,5,10,20,30,40,50,60,70,80",""
"267","RCCZO","Reynolds Creek CZO","Ryan Will",43.23464708,-116.7465339,0,0,NA,30,242.222222222222,936.666666666667,4,"0,5,10,20,30,40,50,60,70,80",""
"268","RCCZO","Reynolds Creek CZO","Ryan Will",43.23464942,-116.7466335,0,0,NA,30,428.333333333333,1650,4,"0,5,10,20,30,40,50,60,70,80",""
"269","RCCZO","Reynolds Creek CZO","Ryan Will",43.23466902,-116.7465502,0,0,NA,30,486.666666666667,1940,4,"0,5,10,20,30,40,50,60,70,80",""
"270","RCCZO","Reynolds Creek CZO","Ryan Will",43.24379682,-116.7069664,0,0,NA,30,361.666666666667,1380,4,"0,5,10,20,30,40,50,60,70,80",""
"271","RCCZO","Reynolds Creek CZO","Ryan Will",43.24381094,-116.7069646,0,0,NA,30,361.666666666667,1370,4,"0,5,10,20,30,40,50,60,70,80",""
"272","RCCZO","Reynolds Creek CZO","Ryan Will",43.24391588,-116.7288696,0,0,NA,30,528.333333333333,1910,4,"0,5,10,20,30,40,50,60,70,80",""
"273","RCCZO","Reynolds Creek CZO","Ryan Will",43.24392032,-116.7288449,0,0,NA,30,858.333333333333,2930,4,"0,5,10,20,30,40,50,60,70,80",""
"274","RCCZO","Reynolds Creek CZO","Ryan Will",43.24392694,-116.7067348,0,0,NA,30,450,1680,4,"0,5,10,20,30,40,50,60,70,80",""
"275","RCCZO","Reynolds Creek CZO","Ryan Will",43.24393796,-116.7067449,0,0,NA,30,306.666666666667,1180,4,"0,5,10,20,30,40,50,60,70,80",""
"276","RCCZO","Reynolds Creek CZO","Ryan Will",43.24395662,-116.7293456,0,0,NA,30,590,2410,4,"0,5,10,20,30,40,50,60,70,80",""
"277","RCCZO","Reynolds Creek CZO","Ryan Will",43.2439611,-116.7293333,0,0,NA,30,788.333333333333,3100,4,"0,5,10,20,30,40,50,60,70,80",""
"278","RCCZO","Reynolds Creek CZO","Ryan Will",43.24398128,-116.7067972,0,0,NA,30,380,1600,4,"0,5,10,20,30,40,50,60,70,80",""
"279","RCCZO","Reynolds Creek CZO","Ryan Will",43.24398495,-116.7068239,0,0,NA,30,390,1460,4,"0,5,10,20,30,40,50,60,70,80",""
"280","RCCZO","Reynolds Creek CZO","Ryan Will",43.24409149,-116.7067556,0,0,NA,30,316.666666666667,1340,4,"0,5,10,20,30,40,50,60,70,80",""
"281","RCCZO","Reynolds Creek CZO","Ryan Will",43.2441009,-116.7290508,0,0,NA,30,455.555555555556,1733.33333333333,4,"0,5,10,20,30,40,50,60,70,80",""
"282","RCCZO","Reynolds Creek CZO","Ryan Will",43.24410213,-116.7067448,0,0,NA,30,341.666666666667,1220,4,"0,5,10,20,30,40,50,60,70,80",""
"283","RCCZO","Reynolds Creek CZO","Ryan Will",43.24410994,-116.7290631,0,0,NA,30,890,3340,4,"0,5,10,20,30,40,50,60,70,80",""
"284","RCCZO","Reynolds Creek CZO","Ryan Will",43.24411543,-116.7065993,0,0,NA,30,351.666666666667,1470,4,"0,5,10,20,30,40,50,60,70,80",""
"285","RCCZO","Reynolds Creek CZO","Ryan Will",43.24412655,-116.7065883,0,0,NA,30,290,1130,4,"0,5,10,20,30,40,50,60,70,80",""
"286","RCCZO","Reynolds Creek CZO","Ryan Will",43.24415966,-116.728996,0,0,NA,30,456.666666666667,1890,4,"0,5,10,20,30,40,50,60,70,80",""
"287","RCCZO","Reynolds Creek CZO","Ryan Will",43.24416869,-116.7290052,0,0,NA,30,366.666666666667,1480,4,"0,5,10,20,30,40,50,60,70,80",""
"288","RCCZO","Reynolds Creek CZO","Ryan Will",43.24427134,-116.7290812,0,0,NA,30,353.333333333333,1520,4,"0,5,10,20,30,40,50,60,70,80",""
"289","RCCZO","Reynolds Creek CZO","Ryan Will",43.24427805,-116.7290627,0,0,NA,30,438.333333333333,1720,4,"0,5,10,20,30,40,50,60,70,80",""
"290","RCCZO","Reynolds Creek CZO","Ryan Will",43.24719902,-116.7379187,0,0,NA,30,218.333333333333,880,4,"0,5,10,20,30,40,50,60,70,80",""
"291","RCCZO","Reynolds Creek CZO","Ryan Will",43.24720581,-116.737931,0,0,NA,30,253.333333333333,940,4,"0,5,10,20,30,40,50,60,70,80",""
"292","RCCZO","Reynolds Creek CZO","Nicholas R. Patton",43.24720654,-116.7071648,0,0,NA,30,155,680,4,"0,5,10,20,30,40,50,60,70,80",""
"293","RCCZO","Reynolds Creek CZO","Ryan Will",43.24722035,-116.7379919,0,0,NA,30,143.333333333333,550,4,"0,5,10,20,30,40,50,60,70,80",""
"294","RCCZO","Reynolds Creek CZO","Ryan Will",43.24722932,-116.7379734,0,0,NA,30,175,710,4,"0,5,10,20,30,40,50,60,70,80",""
"295","RCCZO","Reynolds Creek CZO","Ryan Will",43.24730009,-116.7379724,0,0,NA,30,180,696.666666666667,4,"0,5,10,20,30,40,50,60,70,80",""
"296","RCCZO","Reynolds Creek CZO","Ryan Will",43.24730456,-116.73796,0,0,NA,30,336.666666666667,1290,4,"0,5,10,20,30,40,50,60,70,80",""
"297","RCCZO","Reynolds Creek CZO","Ryan Will",43.24731557,-116.7379763,0,0,NA,30,148.333333333333,520,4,"0,5,10,20,30,40,50,60,70,80",""
"298","RCCZO","Reynolds Creek CZO","Ryan Will",43.24731649,-116.7379857,0,0,NA,30,163.333333333333,710,4,"0,5,10,20,30,40,50,60,70,80",""
"299","RCCZO","Reynolds Creek CZO","Ryan Will",43.24739609,-116.7382894,0,0,NA,30,128.333333333333,500,4,"0,5,10,20,30,40,50,60,70,80",""
"300","RCCZO","Reynolds Creek CZO","Ryan Will",43.2474073,-116.7382709,0,0,NA,30,65,260,4,"0,5,10,20,30,40,50,60,70,80",""
"301","RCCZO","Reynolds Creek CZO","Ryan Will",43.25420515,-116.7064032,0,0,NA,30,516.666666666667,2150,4,"0,5,10,20,30,40,50,60,70,80",""
"302","RCCZO","Reynolds Creek CZO","Ryan Will",43.25420945,-116.7064136,0,0,NA,30,476.666666666667,1930,4,"0,5,10,20,30,40,50,60,70,80",""
"303","RCCZO","Reynolds Creek CZO","Ryan Will",43.25437144,-116.7063619,0,0,NA,30,483.333333333333,1900,4,"0,5,10,20,30,40,50,60,70,80",""
"304","RCCZO","Reynolds Creek CZO","Ryan Will",43.25439319,-116.7063661,0,0,NA,30,533.333333333333,1960,4,"0,5,10,20,30,40,50,60,70,80",""
"305","RCCZO","Reynolds Creek CZO","Ryan Will",43.25441711,-116.7065198,0,0,NA,30,328.333333333333,1290,4,"0,5,10,20,30,40,50,60,70,80",""
"306","RCCZO","Reynolds Creek CZO","Ryan Will",43.25442168,-116.7065327,0,0,NA,30,338.333333333333,1280,4,"0,5,10,20,30,40,50,60,70,80",""
"307","RCCZO","Reynolds Creek CZO","Ryan Will",43.25443275,-116.7062516,0,0,NA,30,650,2520,4,"0,5,10,20,30,40,50,60,70,80",""
"308","RCCZO","Reynolds Creek CZO","Ryan Will",43.25443284,-116.7062621,0,0,NA,30,541.666666666667,2110,4,"0,5,10,20,30,40,50,60,70,80",""
"309","RCCZO","Reynolds Creek CZO","Ryan Will",43.2545669,-116.7065662,0,0,NA,30,501.666666666667,1900,4,"0,5,10,20,30,40,50,60,70,80",""
"310","RCCZO","Reynolds Creek CZO","Ryan Will",43.25457665,-116.7065627,0,0,NA,30,625,2530,4,"0,5,10,20,30,40,50,60,70,80",""
"311","RCCZO","Reynolds Creek CZO","Ryan Will",43.25856136,-116.7755553,0,0,NA,30,411.666666666667,1670,4,"0,5,10,20,30,40,50,60,70,80",""
"312","RCCZO","Reynolds Creek CZO","Ryan Will",43.25856814,-116.7755676,0,0,NA,30,315,1110,4,"0,5,10,20,30,40,50,60,70,80",""
"313","RCCZO","Reynolds Creek CZO","Ryan Will",43.25864945,-116.775703,0,0,NA,30,511.666666666667,1910,4,"0,5,10,20,30,40,50,60,70,80",""
"314","RCCZO","Reynolds Creek CZO","Ryan Will",43.25865197,-116.7756558,0,0,NA,30,400,1470,4,"0,5,10,20,30,40,50,60,70,80",""
"315","RCCZO","Reynolds Creek CZO","Ryan Will",43.25865849,-116.7757214,0,0,NA,30,430,1740,4,"0,5,10,20,30,40,50,60,70,80",""
"316","RCCZO","Reynolds Creek CZO","Ryan Will",43.25866095,-116.7756434,0,0,NA,30,337.777777777778,1226.66666666667,4,"0,5,10,20,30,40,50,60,70,80",""
"317","RCCZO","Reynolds Creek CZO","Ryan Will",43.25880873,-116.7756971,0,0,NA,30,345,1240,4,"0,5,10,20,30,40,50,60,70,80",""
"318","RCCZO","Reynolds Creek CZO","Ryan Will",43.25881776,-116.7757094,0,0,NA,30,441.666666666667,1730,4,"0,5,10,20,30,40,50,60,70,80",""
"319","RCCZO","Reynolds Creek CZO","Ryan Will",43.25886706,-116.775505,0,0,NA,30,290,1090,4,"0,5,10,20,30,40,50,60,70,80",""
"320","RCCZO","Reynolds Creek CZO","Ryan Will",43.25887248,-116.7755112,0,0,NA,30,366.666666666667,1370,4,"0,5,10,20,30,40,50,60,70,80",""
"321","RCCZO","Reynolds Creek CZO","Ryan Will",43.27946818,-116.8086865,0,0,NA,30,728.333333333333,2550,4,"0,5,10,20,30,40,50,60,70,80",""
"322","RCCZO","Reynolds Creek CZO","Ryan Will",43.27947271,-116.8086988,0,0,NA,30,703.333333333333,2450,4,"0,5,10,20,30,40,50,60,70,80",""
"323","RCCZO","Reynolds Creek CZO","Ryan Will",43.27954562,-116.8085217,0,0,NA,30,1375,5130,4,"0,5,10,20,30,40,50,60,70,80",""
"324","RCCZO","Reynolds Creek CZO","Ryan Will",43.27955461,-116.8085155,0,0,NA,30,1496.66666666667,5580,4,"0,5,10,20,30,40,50,60,70,80",""
"325","RCCZO","Reynolds Creek CZO","Ryan Will",43.27961997,-116.808557,0,0,NA,30,1142.77777777778,4320,4,"0,5,10,20,30,40,50,60,70,80",""
"326","RCCZO","Reynolds Creek CZO","Ryan Will",43.27962448,-116.8085631,0,0,NA,30,1206.66666666667,4440,4,"0,5,10,20,30,40,50,60,70,80",""
"327","RCCZO","Reynolds Creek CZO","Ryan Will",43.27964203,-116.8083997,0,0,NA,30,1053.33333333333,3950,4,"0,5,10,20,30,40,50,60,70,80",""
"328","RCCZO","Reynolds Creek CZO","Ryan Will",43.27964385,-116.808412,0,0,NA,30,1056.66666666667,3860,4,"0,5,10,20,30,40,50,60,70,80",""
"329","RCCZO","Reynolds Creek CZO","Ryan Will",43.27973743,-116.8086913,0,0,NA,30,1103.33333333333,4230,4,"0,5,10,20,30,40,50,60,70,80",""
"330","RCCZO","Reynolds Creek CZO","Ryan Will",43.27974419,-116.8086944,0,0,NA,30,965,4030,4,"0,5,10,20,30,40,50,60,70,80",""
"331","RCCZO","Reynolds Creek CZO","Ryan Will",43.28640106,-116.7787408,0,0,NA,30,946.666666666667,3540,4,"0,5,10,20,30,40,50,60,70,80",""
"332","RCCZO","Reynolds Creek CZO","Ryan Will",43.2864033,-116.7787346,0,0,NA,30,903.333333333333,3350,4,"0,5,10,20,30,40,50,60,70,80",""
"333","RCCZO","Reynolds Creek CZO","Ryan Will",43.28646533,-116.7785884,0,0,NA,30,495,1960,4,"0,5,10,20,30,40,50,60,70,80",""
"334","RCCZO","Reynolds Creek CZO","Ryan Will",43.28647435,-116.7785946,0,0,NA,30,493.333333333333,1980,4,"0,5,10,20,30,40,50,60,70,80",""
"335","RCCZO","Reynolds Creek CZO","Ryan Will",43.28649973,-116.7786831,0,0,NA,30,813.333333333333,3250,4,"0,5,10,20,30,40,50,60,70,80",""
"336","RCCZO","Reynolds Creek CZO","Ryan Will",43.28654277,-116.778822,0,0,NA,30,683.333333333333,2490,4,"0,5,10,20,30,40,50,60,70,80",""
"337","RCCZO","Reynolds Creek CZO","Ryan Will",43.28654725,-116.7788096,0,0,NA,30,535,1940,4,"0,5,10,20,30,40,50,60,70,80",""
"338","RCCZO","Reynolds Creek CZO","Ryan Will",43.28658903,-116.7785298,0,0,NA,30,786.666666666667,3140,4,"0,5,10,20,30,40,50,60,70,80",""
